,Country,Population,Time
0,India,10000,1587122633.708417
1,USA,20000,1587122633.708417
2,China,30000,1587122633.708417
